Serviceprovider,Age,Occupation,Email,Phone,Address,City,Password,ChargersPerHour,Images,description
Harman Singh,32,Carpenter,harmanSingh@gmail.com,(984)-545-2321,"6537 cambie street, Vancouver",Vancouver,harman@321,32,56665,I have more than 10 year experience
Peter Gabrial,43,Carpenter,peterGabrial@gmail.com,(604)-125-8561,"2565 glassdoor street, Vancouver",Vancouver,peter@431,23,555,I have more than 10 year experience
John Smith,23,Carpenter,johnSmith@gmail.com,(984)-545-8532,"4345 fraser street, Vancouver",Vancouver,john@232,34,56,I have more than 10 year experience
Xing Lui,43,Carpenter,xingLui@gmail.com,(684)-777-8532,"9891 main street, Vancouver",Vancouver,xing@432,42,56,I have more than 10 year experience
Priya Sharma,23,Cook,priyaSharma@gmail.com,(856)-545-0023,"4543 manitoba street, Vancouver",Vancouver,priya@233,21,5,I have more than 10 year experience
Simran Kaur,23,Cook,simranKaur@gmail.com,(609)-333-2222,"128 St 100Ave Street, Surrey",Surrey,simran@232,25,5,I have more than 10 year experience
Jasleen Kaur,43,Cook,jasleenKaur@gmail.com,(984)-545-1455,"110 St 96Ave Street, Surrey",Surrey,jasleen@435,45,5,I have more than 10 year experience
Jazz,34,DJ,jazzJazz@gmail.com,(604)-125-8561,"128 St 106Ave Street, Surrey",Surrey,jazz@341,32,2,I have more than 10 year experience
Amanmeet Singh,44,Driver,amanmeetSingh@gmail.com,(604)-125-8561,"123 hasting street, Surrey",Surrey,amanmeet@441,42,5,I have more than 10 year experience
Hui Lui,49,Driver,huiLui@gmail.com,(604)-125-8561,"2434 nelson street, Burnaby",Burnaby,hui@491,32,2,I have more than 10 year experience
Gabrial ,38,Driver,gabrialGabrial@gmail.com,(604)-125-8561,8880 elson street. Burnaby,Burnaby,gabrial@381,23,1,I have more than 10 year experience
Alex Alex,50,Driver,alexAlex@gmail.com,(604)-125-8561,"130 St 100Ave Street, Burnaby",Burnaby,alex@501,25,2,I have more than 10 year experience
